常用推荐,https://dribbble.com/,/static/webstack/images/logos/dribbble.png,Dribbble,全球UI设计师作品分享平台。
常用推荐,https://behance.net/,/static/webstack/images/logos/behance.png,Behance,Adobe旗下的设计师交流平台，来自世界各地的设计师在这里分享自己的作品。
常用推荐,http://www.ui.cn/,/static/webstack/images/logos/uicn.png,UI中国,图形交互与界面设计交流、作品展示、学习平台。
常用推荐,http://www.zcool.com.cn/,/static/webstack/images/logos/zcool.png,站酷,中国人气设计师互动平台
常用推荐,https://www.pinterest.com/,/static/webstack/images/logos/pinterest.png,Pinterest,全球美图收藏采集站
常用推荐,http://huaban.com/,/static/webstack/images/logos/huaban.png,花瓣,收集灵感,保存有用的素材
常用推荐,https://medium.com/,/static/webstack/images/logos/medium.png,Medium,高质量设计文章
常用推荐,http://www.uisdc.com/,/static/webstack/images/logos/uisdc.png,优设,设计师交流学习平台
常用推荐,https://www.producthunt.com/,/static/webstack/images/logos/producthunt.png,Producthunt,发现新鲜有趣的产品
常用推荐,https://www.youtube.com/,/static/webstack/images/logos/youtube.png,Youtube,全球最大的学习分享平台
常用推荐,https://www.google.com/,/static/webstack/images/logos/google.png,Google,全球最大的UI学习分享平台
推荐,https://www.aliyun.com/minisite/goods?userCode=xtct5egx&share_source=copy_link,/static/webstack/images/logos/aliyun.png,阿里云,点击领取2000元限量云产品优惠券
推荐,https://www.gulusucai.com/,/static/webstack/images/logos/gulusucai.png,咕噜素材,质量很高的设计素材网站（推荐）
推荐,https://xiyou4you.us/r/?s=13731627,/static/webstack/images/logos/xiyou.png,西游-科学上网,优秀的科学上网（略贵，但是贼稳，点击注册领取优惠券）
推荐,https://www.shejizhoukan.com/,/static/webstack/images/logos/shejizhoukan.png,设计周刊,最新设计资讯（每天更新）
推荐,https://www.ziticangku.com/,/static/webstack/images/logos/ziticangku.png,字体仓库,最全的免费商用字体库
推荐,https://eleduck.com/,/static/webstack/images/logos/eleduck.png,电鸭社区,国内最早的远程工作社区，也是互联网工作者们的聚集地，非常适合设计开发小伙伴关注
社区资讯,https://www.leiphone.com/,/static/webstack/images/logos/leiphone.png,雷锋网,人工智能和智能硬件领域的互联网科技媒体
社区资讯,http://36kr.com/,/static/webstack/images/logos/36kr.png,36kr,创业资讯、科技新闻
社区资讯,https://www.digitaling.com/,/static/webstack/images/logos/digitaling.png,数英网,数字媒体及职业招聘网站
社区资讯,http://www.lieyunwang.com/,/static/webstack/images/logos/lieyunwang.png,猎云网,互联网创业项目推荐和创业创新资讯
社区资讯,http://www.woshipm.com/,/static/webstack/images/logos/woshipm.png,人人都是产品经理,产品经理、产品爱好者学习交流平台
社区资讯,https://www.zaodula.com/,/static/webstack/images/logos/zaodula.png,互联网早读课,互联网行业深度阅读与学习平台
社区资讯,http://www.chanpin100.com/,/static/webstack/images/logos/chanpin100.png,产品壹佰,为产品经理爱好者提供最优质的产品资讯、原创内容和相关视频课程
社区资讯,http://www.pmcaff.com/,/static/webstack/images/logos/pmcaff.png,PMCAFF,中国第一产品经理人气组织，专注于研究互联网产品
社区资讯,http://www.iyunying.org/,/static/webstack/images/logos/iyunying.png,爱运营,网站运营人员学习交流，专注于网站产品运营管理、淘宝运营。
社区资讯,http://www.niaogebiji.com/,/static/webstack/images/logos/niaogebiji.png,鸟哥笔记,移动互联网第一干货平台
社区资讯,http://www.gtn9.com/,/static/webstack/images/logos/gtn9.png,古田路9号,国内专业品牌创意平台
社区资讯,http://www.uigreat.com/,/static/webstack/images/logos/uigreat.png,优阁网,UI设计师学习交流社区
发现产品,https://www.producthunt.com/,/static/webstack/images/logos/producthunt.png,Producthunt,发现新鲜有趣的产品
发现产品,http://next.36kr.com/posts,/static/webstack/images/logos/NEXT.png,NEXT,不错过任何一个新产品
发现产品,https://sspai.com/,/static/webstack/images/logos/sspai.png,少数派,高品质数字消费指南
发现产品,http://liqi.io/,/static/webstack/images/logos/liqi.png,利器,创造者和他们的工具
发现产品,http://today.itjuzi.com/,/static/webstack/images/logos/today.png,Today,为身边的新产品喝彩
发现产品,https://faxian.appinn.com/,/static/webstack/images/logos/appinn.png,小众软件,在这里发现更多有趣的应用
界面灵感,https://www.pttrns.com/,/static/webstack/images/logos/Pttrns.png,Pttrns,Check out the finest collection of design patterns, resources, mobile apps and inspiration
界面灵感,http://collectui.com/,/static/webstack/images/logos/CollectUI.png,Collect UI,Daily inspiration collected from daily ui archive and beyond.
界面灵感,http://ui.uigreat.com/,/static/webstack/images/logos/uiuigreat.png,UI uigreat,APP界面截图参考
界面灵感,http://androidniceties.tumblr.com/,/static/webstack/images/logos/AndroidNiceties.png,Android Niceties,A collection of screenshots encompassing some of the most beautiful looking Android apps.
网页灵感,https://www.awwwards.com/,/static/webstack/images/logos/awwwards.png,Awwwards,Awwwards are the Website Awards that recognize and promote the talent and effort of the best developers, designers and web agencies in the world.
网页灵感,https://www.cssdesignawards.com/,/static/webstack/images/logos/CSSDesignAwards.png,CSS Design Awards,Website Awards & Inspiration - CSS Gallery
网页灵感,https://thefwa.com/,/static/webstack/images/logos/fwa.png,The FWA,FWA - showcasing innovation every day since 2000
网页灵感,http://www.ecommercefolio.com/,/static/webstack/images/logos/Ecommercefolio.png,Ecommercefolio,Only the Best Ecommerce Design Inspiration
网页灵感,http://www.lapa.ninja/,/static/webstack/images/logos/Lapa.png,Lapa,The best landing page design inspiration from around the web.
网页灵感,http://reeoo.com/,/static/webstack/images/logos/reeoo.png,Reeoo,web design inspiration and website gallery
网页灵感,https://designmunk.com/,/static/webstack/images/logos/designmunk.png,Designmunk,Best Homepage Design Inspiration
网页灵感,https://bestwebsite.gallery/,/static/webstack/images/logos/BWG.png,Best Websites Gallery,Website Showcase Inspiration | Best Websites Gallery
网页灵感,http://www.pages.xyz/,/static/webstack/images/logos/pages.png,Pages,Curated directory of the best Pages
网页灵感,https://sitesee.co/,/static/webstack/images/logos/SiteSee.png,SiteSee,SiteSee is a curated gallery of beautiful, modern websites collections.
网页灵感,https://www.siteinspire.com/,/static/webstack/images/logos/siteInspire.png,Site Inspire,A CSS gallery and showcase of the best web design inspiration.
网页灵感,http://web.uedna.com/,/static/webstack/images/logos/WebInspiration.png,WebInspiration,网页设计欣赏,全球顶级网页设计
网页灵感,http://navnav.co/,/static/webstack/images/logos/navnav.png,navnav,A ton of CSS, jQuery, and JavaScript responsive navigation examples, demos, and tutorials from all over the web.
网页灵感,https://www.reallygoodux.io/,/static/webstack/images/logos/ReallyGoodUX.png,Really Good UX,A library of screenshots and examples of really good UX. Brought to you by
图标素材,https://www.iconfinder.com,/static/webstack/images/logos/Iconfinder.png,Iconfinder,2,100,000+ free and premium vector icons.
图标素材,http://www.iconfont.cn/,/static/webstack/images/logos/iconfont.png,iconfont,阿里巴巴矢量图标库
图标素材,https://iconmonstr.com/,/static/webstack/images/logos/iconmonstr.png,iconmonstr,Free simple icons for your next project
图标素材,http://www.iconarchive.com/,/static/webstack/images/logos/iconarchive.png,Icon Archive,Search 590,912 free icons
图标素材,https://findicons.com/,/static/webstack/images/logos/FindIcons.png,FindIcons,Search through 300,000 free icons
图标素材,https://icomoon.io/app/,/static/webstack/images/logos/IcoMoonApp.png,IcoMoonApp,Icon Font, SVG, PDF &amp; PNG Generator
图标素材,http://www.easyicon.net/,/static/webstack/images/logos/easyicon.png,easyicon,PNG、ICO、ICNS格式图标搜索、图标下载服务
图标素材,https://www.flaticon.com/,/static/webstack/images/logos/flaticon.png,flaticon,634,000+ Free vector icons in SVG, PSD, PNG, EPS format or as ICON FONT.
图标素材,http://ui-cloud.com/,/static/webstack/images/logos/UICloud.png,UICloud,The largest user interface design database in the world.
图标素材,https://material.io/icons/,/static/webstack/images/logos/Materialicons.png,Material icons,Access over 900 material system icons, available in a variety of sizes and densities, and as a web font.
图标素材,fontawesomeicon,/static/webstack/images/logos/fontawesomeicon.png,Font Awesome Icon,The complete set of 675 icons in Font Awesome
图标素材,http://ionicons.com/,/static/webstack/images/logos/ionicons.png,ion icons,The premium icon font for Ionic Framework.
图标素材,http://simplelineicons.com/,/static/webstack/images/logos/simplelineicons.png,Simpleline Icons,Simple line Icons pack
LOGO设计,http://www.iconsfeed.com/,/static/webstack/images/logos/iconsfeed.png,Iconsfeed,iOS icons gallery
LOGO设计,http://iosicongallery.com/,/static/webstack/images/logos/iosicongallery.png,iOS Icon Gallery,Showcasing beautiful icon designs from the iOS App Store
LOGO设计,https://worldvectorlogo.com/,/static/webstack/images/logos/worldvectorlogo.png,World Vector Logo,Brand logos free to download
LOGO设计,http://instantlogosearch.com/,/static/webstack/images/logos/InstantLogoSearch.png,Instant Logo Search,Search & download thousands of logos instantly
平面素材,https://www.gulusucai.com/,/static/webstack/images/logos/gulusucai.png,咕噜素材,质量很高的设计素材网站（良心推荐）
平面素材,https://wallhalla.com/,/static/webstack/images/logos/wallhalla.png,wallhalla,Find awesome high quality wallpapers for desktop and mobile in one place.
平面素材,https://365psd.com/,/static/webstack/images/logos/365PSD.png,365PSD,Free PSD &amp; Graphics, Illustrations
平面素材,https://medialoot.com/,/static/webstack/images/logos/Medialoot.png,Medialoot,Free &amp; Premium Design Resources &mdash; Medialoot
平面素材,http://www.58pic.com/,/static/webstack/images/logos/qiantu.png,千图网,专注免费设计素材下载的网站
平面素材,http://588ku.com/,/static/webstack/images/logos/qianku.png,千库网,免费png图片背景素材下载
平面素材,http://www.ooopic.com/,/static/webstack/images/logos/wotu.png,我图网,我图网,提供图片素材及模板下载,专注正版设计作品交易
平面素材,http://90sheji.com/,/static/webstack/images/logos/90sheji.png,90设计,电商设计（淘宝美工）千图免费淘宝素材库
平面素材,http://www.nipic.com/,/static/webstack/images/logos/nipic.png,昵图网,原创素材共享平台
平面素材,http://www.lanrentuku.com/,/static/webstack/images/logos/lanrentuku.png,懒人图库,懒人图库专注于提供网页素材下载
平面素材,http://so.ui001.com/,/static/webstack/images/logos/sousucai.png,素材搜索,设计素材搜索聚合
平面素材,http://psefan.com/,/static/webstack/images/logos/psefan.png,PS饭团网,不一样的设计素材库！让自己的设计与众不同！
平面素材,http://www.sccnn.com/,/static/webstack/images/logos/sccnn.png,素材中国,免费素材共享平台
平面素材,https://www.freepik.com/,/static/webstack/images/logos/freepik.png,freepik,More than a million free vectors, PSD, photos and free icons.
UI资源,https://www.gulusucai.com/,/static/webstack/images/logos/gulusucai.png,咕噜素材,质量很高的设计素材网站（良心推荐）
UI资源,https://freebiesbug.com/,/static/webstack/images/logos/freebiesbug.png,Freebiesbug,Hand-picked resources for web designer and developers, constantly updated.
UI资源,https://freebiesupply.com/,/static/webstack/images/logos/freebiesupply.png,Freebie Supply,Free Resources For Designers
UI资源,https://www.yrucd.com/,/static/webstack/images/logos/yrucd.png,云瑞,优秀设计资源的分享网站
UI资源,https://xituqu.com/,/static/webstack/images/logos/xituqu.png,稀土区,优质设计开发资源分享
UI资源,https://ui8.net/,/static/webstack/images/logos/ui8.png,ui8,UI Kits, Wireframe Kits, Templates, Icons and More
UI资源,https://www.uplabs.com/,/static/webstack/images/logos/uplabs.png,uplabs,Daily resources for product designers & developers
UI资源,http://www.uikit.me/,/static/webstack/images/logos/uikitme.png,UIkit.me,最便捷新鲜的uikit资源下载网站
UI资源,http://www.fribbble.com/,/static/webstack/images/logos/Fribbble.png,Fribbble,Free PSD files and other free design resources by Dribbblers.
UI资源,http://principlerepo.com/,/static/webstack/images/logos/PrincipleRepo.png,PrincipleRepo,Free, High Quality Principle Resources
UI资源,https://designmodo.com/,/static/webstack/images/logos/Designmodo.png,Designmodo,Web Design Blog and Shop
Sketch资源,https://sketchapp.com/,/static/webstack/images/logos/Sketch.png,Sketch,The digital design toolkit
Sketch资源,http://utom.design/measure/,/static/webstack/images/logos/SketchMeasure.png,Sketch Measure,Friendly user interface offers you a more intuitive way of making marks.
Sketch资源,https://www.sketchappsources.com/,/static/webstack/images/logos/sketchappsources.png,Sketch App Sources,Free design resources and plugins - Icons, UI Kits, Wireframes, iOS, Android Templates for Sketch
Sketch资源,http://www.sketch.im/,/static/webstack/images/logos/sketchIm.png,Sketch.im,Sketch 相关资源汇聚
Sketch资源,http://sketchhunt.com/,/static/webstack/images/logos/sketchhunt.png,Sketch Hunt,Sketch Hunt is an independent blog sharing gems in learning, plugins &amp; design tools for fans of Sketch app.
Sketch资源,http://www.sketchcn.com/,/static/webstack/images/logos/sketchcn.png,Sketch中文网,分享最新的Sketch中文手册
Sketch资源,https://awesome-sket.ch/,/static/webstack/images/logos/AwesomeSketchPlugins.png,Awesome Sketch Plugins,A collection of really useful Sketch plugins.
Sketch资源,https://www.sketchcasts.net/,/static/webstack/images/logos/sketchcasts.png,Sketchcasts,Learn Sketch Train your design skills with a weekly video tutorial
字体资源,https://www.ziticangku.com/,/static/webstack/images/logos/ziticangku.png,字体仓库,最全的免费商用字体库
字体资源,https://fonts.google.com/,/static/webstack/images/logos/googlefont.png,Google Font,Making the web more beautiful, fast, and open through great typography
字体资源,https://typekit.com/,/static/webstack/images/logos/typekit.png,Typekit,Quality fonts from the world’s best foundries.
字体资源,http://www.foundertype.com/,/static/webstack/images/logos/Fondertype.png,方正字库,方正字库官方网站
字体资源,http://ziticq.com/,/static/webstack/images/logos/ziticq.png,字体传奇网,中国首个字体品牌设计师交流网
字体资源,https://www.fontsquirrel.com/,/static/webstack/images/logos/fontsquirrel.png,Fontsquirrel,FREE fonts for graphic designers
字体资源,https://www.urbanfonts.com/,/static/webstack/images/logos/UrbanFonts.png,Urban Fonts,Download Free Fonts and Free Dingbats.
字体资源,http://www.losttype.com/,/static/webstack/images/logos/losttype.png,Lost Type,Lost Type is a Collaborative Digital Type Foundry
字体资源,https://fonts2u.com/,/static/webstack/images/logos/fonts2u.png,FONTS2U,Download free fonts for Windows and Macintosh.
字体资源,http://www.fontex.org/,/static/webstack/images/logos/fontex.png,Fontex,Free Fonts to Download + Premium Typefaces
字体资源,http://fontm.com/,/static/webstack/images/logos/FontM.png,FontM,Free Fonts
字体资源,http://www.myfonts.com/,/static/webstack/images/logos/MyFonts.png,My Fonts,Fonts for Print, Products & Screens
字体资源,https://www.dafont.com/,/static/webstack/images/logos/dafont.png,Da Font,Archive of freely downloadable fonts.
字体资源,https://www.onlinewebfonts.com/,/static/webstack/images/logos/OnlineWebFonts.png,OnlineWebFonts,WEB Free Fonts for Windows and Mac / Font free Download
字体资源,http://www.abstractfonts.com/,/static/webstack/images/logos/abstractfonts.png,Abstract Fonts,Abstract Fonts (13,866 free fonts)
Mockup,https://mockup.zone/,/static/webstack/images/logos/MockupZone.png,MockupZone,Mockup Zone is an online store where you can find free and premium PSD mockup files to show your designs in a professional way.
Mockup,http://dunnnk.com/,/static/webstack/images/logos/Dunnnk.png,Dunnnk, Generate Product Mockups For Free
Mockup,http://www.graphberry.com/,/static/webstack/images/logos/graphberry.png,Graphberry,Free design resources, Mockups, PSD web templates, Icons
Mockup,http://threed.io/,/static/webstack/images/logos/threed.png,Threed,Generate 3D Mockups right in your Browser
Mockup,https://free.lstore.graphics/,/static/webstack/images/logos/mockupworld.png,Mockup World,The best free Mockups from the Web
Mockup,https://free.lstore.graphics/,/static/webstack/images/logos/lstore.png,Lstore,Exclusive mindblowing freebies for designers and developers
Mockup,https://www.pixeden.com/,/static/webstack/images/logos/pixeden.png,pixeden,free web resources and graphic design templates.
Mockup,http://forgraphictm.com/,/static/webstack/images/logos/forgraphictm.png,For Graphic TM,High Quality PSD Mockups for Graphic Designers.
摄影图库,https://unsplash.com/,/static/webstack/images/logos/unsplash.png,Unsplash,Beautiful, free photos.
摄影图库,https://visualhunt.com/,/static/webstack/images/logos/visualhunt.png,visualhunt,100% Free High Quality Photos
摄影图库,https://librestock.com/,/static/webstack/images/logos/librestock.png,librestock,65,084 high quality do-what-ever-you-want stock photos
摄影图库,https://pixabay.com/,/static/webstack/images/logos/pixabay.png,pixabay,可在任何地方使用的免费图片和视频
摄影图库,https://www.splitshire.com/,/static/webstack/images/logos/SplitShire.png,SplitShire,Free Stock Photos and Videos for commercial use.
摄影图库,https://stocksnap.io/,/static/webstack/images/logos/StockSnap.png,StockSnap,Beautiful free stock photos
摄影图库,http://albumarium.com/,/static/webstack/images/logos/albumarium.png,albumarium,The best place to find & share beautiful images
摄影图库,https://myphotopack.com/,/static/webstack/images/logos/myphotopack.png,myphotopack,A free photo pack just for you. Every month.
摄影图库,http://notaselfie.com/,/static/webstack/images/logos/notaselfie.png,Notaselfie,Photos that happen along the way. You can use the images anyway you like. Have fun!
摄影图库,http://papers.co/,/static/webstack/images/logos/papers.png,papers,Wallpapers Every Hour!Hand collected :)
摄影图库,http://stokpic.com/,/static/webstack/images/logos/stokpic.png,stokpic,Free Stock Photos For Commercial Use
摄影图库,https://55mm.co/visuals,/static/webstack/images/logos/55mm.png,55mm,Use our FREE photos to tell your story! 
摄影图库,http://thestocks.im/,/static/webstack/images/logos/thestocks.png,thestocks,Use our FREE photos to tell your story! 
摄影图库,http://freenaturestock.com/,/static/webstack/images/logos/freenaturestock.png,freenaturestock,Exclusive mindblowing freebies for designers and developers
摄影图库,https://negativespace.co/,/static/webstack/images/logos/negativespace.png,negativespace,Beautiful, High-Resolution Free Stock Photos
摄影图库,https://gratisography.com/,/static/webstack/images/logos/gratisography.png,gratisography,Free high-resolution pictures you can use on your personal and commercial projects, free of copyright restrictions. 
摄影图库,http://imcreator.com/free,/static/webstack/images/logos/imcreator.png,imcreator,A curated collection of free web design resources, all for commercial use.
摄影图库,http://www.lifeofpix.com/,/static/webstack/images/logos/lifeofpix.png,lifeofpix,Free high resolution photography
摄影图库,https://skitterphoto.com/,/static/webstack/images/logos/skitterphoto.png,skitterphoto,Free Stock Photos for Creative Professionals
摄影图库,https://mmtstock.com/,/static/webstack/images/logos/mmtstock.png,mmtstock,Free photos for commercial use
摄影图库,https://skitterphoto.com/,/static/webstack/images/logos/skitterphoto.png,skitterphoto,a place to find, show and share public domain photos
摄影图库,https://magdeleine.co/browse/,/static/webstack/images/logos/magdeleine.png,magdeleine,HAND-PICKED FREE PHOTOS FOR YOUR INSPIRATION
摄影图库,http://jeshoots.com/,/static/webstack/images/logos/jeshoots.png,jeshoots,New Free Photos & Mockups in to your Inbox!
摄影图库,https://www.hdwallpapers.net,/static/webstack/images/logos/hdwallpapers.png,hdwallpapers,High Definition Wallpapers & Desktop Backgrounds
摄影图库,http://publicdomainarchive.com/,/static/webstack/images/logos/publicdomainarchive.png,publicdomainarchive,New 100% Free Stock Photos. Every. Single. Week.
PPT资源,http://www.officeplus.cn/Template/Home.shtml,/static/webstack/images/logos/officeplus.png,OfficePLUS,OfficePLUS，微软Office官方在线模板网站！
PPT资源,http://www.ypppt.com/,/static/webstack/images/logos/ypppt.png,优品PPT,高质量的模版，而且还有PPT图表，PPT背景图等资源
PPT资源,http://www.pptplus.cn/,/static/webstack/images/logos/pptplus.png,PPT+,PPT加直播、录制和分享—PPT+语音内容分享平台
PPT资源,http://www.pptmind.com/,/static/webstack/images/logos/pptmind.png,PPTMind,分享高端ppt模板与keynote模板的数字作品交易平台
PPT资源,http://www.tretars.com/ppt-templates,/static/webstack/images/logos/tretars.png,tretars,The best free Mockups from the Web
PPT资源,http://ppt.500d.me/,/static/webstack/images/logos/500d.png,5百丁,中国领先的PPT模板共享平台
图形创意,https://www.adobe.com/cn/products/photoshop.html,/static/webstack/images/logos/photoshop.png,photoshop,Photoshop不需要解释
图形创意,https://affinity.serif.com/,/static/webstack/images/logos/AffinityDesigner.png,Affinity Designer,专业创意软件
图形创意,https://www.adobe.com/cn/products/illustrator/,/static/webstack/images/logos/Illustrator.png,Illustrator,矢量图形和插图。
图形创意,http://www.adobe.com/cn/products/indesign.html,/static/webstack/images/logos/INDESIGN .png,indesign,页面设计、布局和出版。
图形创意,https://www.maxon.net/en/products/cinema-4d/overview/,/static/webstack/images/logos/cinema4d.png,cinema-4d,Cinema 4D is the perfect package for all 3D artists who want to achieve breathtaking results fast and hassle-free.
图形创意,https://www.autodesk.com/products/3ds-max/overview,/static/webstack/images/logos/3dsmax.png,3ds-max,3D modeling, animation, and rendering software
图形创意,https://www.blender.org/,/static/webstack/images/logos/blender.png,Blender,Blender is the free and open source 3D creation suite.
界面设计,https://sketchapp.com/,/static/webstack/images/logos/sketchapp.png,Sketch,The digital design toolkit
界面设计,http://www.adobe.com/products/xd.html,/static/webstack/images/logos/ADOBEXDCC.png,Adobe XD,Introducing Adobe XD. Design. Prototype. Experience.
界面设计,https://www.invisionapp.com/,/static/webstack/images/logos/invisionapp.png,invisionapp,Powerful design prototyping tools
界面设计,https://marvelapp.com/,/static/webstack/images/logos/marvelapp.png,marvelapp,Simple design, prototyping and collaboration
界面设计,https://creative.adobe.com/zh-cn/products/download/muse,/static/webstack/images/logos/MuseCC.png,Muse CC,无需利用编码即可进行网站设计。
界面设计,https://www.figma.com/,/static/webstack/images/logos/figma.png,figma,Design, prototype, and gather feedback all in one place with Figma.
交互动效,https://www.adobe.com/cn/products/aftereffects/,/static/webstack/images/logos/AdobeAfterEffectsCC.png,Adobe After Effects CC,电影般的视觉效果和动态图形。
交互动效,http://principleformac.com/,/static/webstack/images/logos/principle.png,principle,Animate Your Ideas, Design Better Apps
交互动效,https://www.flinto.com/,/static/webstack/images/logos/flinto.png,flinto,Flinto is a Mac app used by top designers around the world to create interactive and animated prototypes of their app designs.
交互动效,https://framer.com/,/static/webstack/images/logos/framer.png,framer,Design everything from detailed icons to high-fidelity interactions—all in one place.
交互动效,http://www.protopie.cn/,/static/webstack/images/logos/protopie.png,ProtoPie,高保真交互原型设计
在线配色,http://khroma.co/generator/,/static/webstack/images/logos/khroma.png,khroma,Khroma is the fastest way to discover, search, and save color combos you'll want to use.
在线配色,https://uigradients.com,/static/webstack/images/logos/uigradients.png,uigradients,Beautiful colored gradients
在线配色,http://gradients.io/,/static/webstack/images/logos/gradients.png,gradients,Curated gradients for designers and developers
在线配色,https://webkul.github.io/coolhue/,/static/webstack/images/logos/Coolest.png,Coolest,Coolest handpicked Gradient Hues for your next super ⚡ amazing stuff
在线配色,https://webgradients.com/,/static/webstack/images/logos/webgradients.png,webgradients,WebGradients is a free collection of 180 linear gradients that you can use as content backdrops in any part of your website. 
在线配色,https://www.grabient.com/,/static/webstack/images/logos/grabient.png,grabient,2017 Grabient by unfold
在线配色,http://www.thedayscolor.com/,/static/webstack/images/logos/thedayscolor.png,thedayscolor,The daily color digest
在线配色,http://flatuicolors.com/,/static/webstack/images/logos/flatuicolors.png,flatuicolors,Copy Paste Color Pallette from Flat UI Theme
在线配色,https://coolors.co/,/static/webstack/images/logos/coolors.png,coolors,The super fast color schemes generator!
在线配色,http://www.colorhunt.co/,/static/webstack/images/logos/colorhunt.png,colorhunt,Beautiful Color Palettes
在线配色,https://color.adobe.com/zh/create/color-wheel,/static/webstack/images/logos/AdobeColorCC.png,Adobe Color CC,Create color schemes with the color wheel or browse thousands of color combinations from the Color community.
在线配色,http://www.flatuicolorpicker.com/,/static/webstack/images/logos/flatuicolorpicker.png,flatuicolorpicker,Best Flat Colors For UI Design
在线配色,http://qrohlf.com/trianglify-generator/,/static/webstack/images/logos/trianglify.png,trianglify,Trianglify Generator
在线配色,https://klart.co/colors/,/static/webstack/images/logos/klart.png,klart,Beautiful colors and designs to your inbox every week
在线配色,http://www.vanschneider.com/colors,/static/webstack/images/logos/vanschneider.png,vanschneider,Color Claim was created in 2012 by Tobias van Schneider with the goal to collect & combine unique colors for my future projects.
在线工具,https://tinypng.com/,/static/webstack/images/logos/tinypng.png,tinypng,Optimize your images with a perfect balance in quality and file size.
在线工具,http://goqr.me/,/static/webstack/images/logos/goqr.png,goqr,create QR codes for free (Logo, T-Shirt, vCard, EPS)
在线工具,https://ezgif.com,/static/webstack/images/logos/ezgif.png,ezgif,simple online GIF maker and toolset for basic animated GIF editing.
在线工具,http://inloop.github.io/shadow4android/,/static/webstack/images/logos/Android9patch.png,Android 9 patch,Android 9-patch shadow generator fully customizable shadows
在线工具,http://screensiz.es/,/static/webstack/images/logos/screensizes.png,screen sizes,Viewport Sizes and Pixel Densities for Popular Devices
在线工具,https://jakearchibald.github.io/svgomg/,/static/webstack/images/logos/svgomg.png,svgomg,SVG在线压缩平台
在线工具,https://www.gaoding.com,/static/webstack/images/logos/gaoding.png,稿定抠图,免费在线抠图软件,图片快速换背景-抠白底图
Chrome插件,https://www.wappalyzer.com/,/static/webstack/images/logos/wappalyzer.png,wappalyzer,Identify technology on websites
Chrome插件,http://usepanda.com/,/static/webstack/images/logos/usepanda.png,Panda,A smart news reader built for productivity.
Chrome插件,https://sizzy.co/,/static/webstack/images/logos/sizzy.png,sizzy,A tool for developing responsive websites crazy-fast
Chrome插件,https://csspeeper.com/,/static/webstack/images/logos/csspeeper.png,csspeeper,Smart CSS viewer tailored for Designers.
Chrome插件,http://insight.io/,/static/webstack/images/logos/insight.png,insight,IDE-like code search and navigation, on the cloud
Chrome插件,http://mustsee.earth/,/static/webstack/images/logos/mustsee.png,mustsee,Discover the world's most beautiful places at every opened tab.
设计规范,http://designguidelines.co/,/static/webstack/images/logos/designguidelines.png,Design Guidelines,Design Guidelines &mdash; The way products are built.
设计规范,https://github.com/alexpate/awesome-design-systems,/static/webstack/images/logos/awesome_design_systems.png,Awesome design systems, A collection of awesome design systems
设计规范,https://material.io/guidelines/,/static/webstack/images/logos/Material_Design.png,Material Design,Introduction - Material Design
设计规范,https://developer.apple.com/ios/human-interface-guidelines,/static/webstack/images/logos/human_interface_guidelines.png,Human Interface Guidelines,Human Interface Guidelines iOS
设计规范,http://viggoz.com/photoshopetiquette/,/static/webstack/images/logos/photoshopetiquette.png,Photoshop Etiquette,PS礼仪-WEB设计指南
视频教程,http://www.photoshoplady.com/,/static/webstack/images/logos/PhotoshopLady.png,Photoshop Lady,Your Favourite Photoshop Tutorials in One Place
视频教程,http://doyoudo.com/,/static/webstack/images/logos/doyoudo.png,doyoudo,创意设计软件学习平台
视频教程,http://www.c945.com/web-ui-tutorial/,/static/webstack/images/logos/web_ui_tutorial.png,没位道,WEB UI免费视频公开课
视频教程,https://www.imooc.com/,/static/webstack/images/logos/imooc.png,慕课网,程序员的梦工厂（有UI课程）
设计文章,http://www.uisdc.com/,/static/webstack/images/logos/uisdc.png,优设网,设计师交流学习平台
设计文章,https://webdesignledger.com,/static/webstack/images/logos/webdesignledger.png,Web Design Ledger,Web Design Blog
设计文章,https://medium.com/,/static/webstack/images/logos/medium.png,Medium,Read, write and share stories that matter
设计电台,http://uxcoffee.co/,/static/webstack/images/logos/uxcoffee.png,UX Coffee,《UX Coffee 设计咖》是一档关于用户体验的播客节目。我们邀请来自硅谷和国内的学者和职人来聊聊「产品设计」、「用户体验」和「个人成长」。
设计电台,https://anyway.fm/,/static/webstack/images/logos/anyway.png,Anyway.FM,设计杂谈 • UI 设计师 JJ 和 Leon 主播的设计播客
设计电台,https://www.yineng.fm,/static/webstack/images/logos/yineng.png,异能电台,将全宇宙设计师的故事讲给你听。
交互设计,http://littlebigdetails.com/,/static/webstack/images/logos/littlebigdetails.png,Little Big Details,Little Big Details is a curated collection of the finer details of design, updated every day. 
交互设计,https://www.smashingmagazine.com/category/user-experience,/static/webstack/images/logos/smashingmagazine.png,Smashing Magazine,Below you’ll find the best tips to take not only your UX design process but also the experiences you craft to the next level.
交互设计,https://www.nngroup.com/articles/,/static/webstack/images/logos/nngroup.png,nngroup,Evidence-Based User Experience Research, Training, and Consulting
交互设计,http://boxesandarrows.com/,/static/webstack/images/logos/boxesandarrows.png,Boxes and Arrows,Boxes and Arrows is devoted to the practice, innovation, and discussion of design; including graphic design, interaction design, information architecture and the design of business. 
交互设计,http://uxdesignweekly.com/,/static/webstack/images/logos/uxdesignweekly.png,UX Design Weekly, get a hand picked list of the best user experience design links every week. 
交互设计,http://uxren.cn/,/static/webstack/images/logos/uxren.png,UX Ren,用户体验人的专业社区
交互设计,https://www.gulusucai.com/,/static/webstack/images/logos/gulusucai.png,咕噜素材,质量很高的设计素材网站（良心推荐）
UED团队,https://airbnb.design,/static/webstack/images/logos/AirbnbDesign.png,Airbnb Design,Airbnb Design
UED团队,http://facebook.design/,/static/webstack/images/logos/FacebookDesign.png,Facebook Design,Facebook Design
UED团队,https://design.google/,/static/webstack/images/logos/GoogleDesign.png,Google Design,Google Design
UED团队,http://eicodesign.com/,/static/webstack/images/logos/eico.png,eico design,数字化咨询与产品专家
UED团队,http://www.niceui.cn/,/static/webstack/images/logos/niceui.png,nice design,nicedesign奈思设计是领先的用户体验设计与互联网品牌建设公司
UED团队,http://cdc.tencent.com/,/static/webstack/images/logos/cdc.png,腾讯CDC,腾讯CDC关注于互联网视觉设计、交互设计、用户研究、前端开发。
UED团队,http://tgideas.qq.com/,/static/webstack/images/logos/tgideas.png,TGideas,TGideas隶属于腾讯公司互动娱乐业务系统的专业推广类设计团队
UED团队,https://isux.tencent.com/,/static/webstack/images/logos/isux.png,ISUX,腾讯社交用户体验设计部
UED团队,http://mxd.tencent.com/,/static/webstack/images/logos/mxd.png,MXD,腾讯MIG无线互联网事业群设计团队
UED团队,http://www.aliued.com/,/static/webstack/images/logos/aliued.png,Aliued,阿里巴巴国际UED团队
UED团队,http://www.aliued.cn/,/static/webstack/images/logos/aliuedcn.png,U一点,阿里巴巴（中国站）用户体验设计部博客U一点设计 UED团队
UED团队,http://uedc.163.com/,/static/webstack/images/logos/uedc.png,网易uedc,网易用户体验设计中心（User Experience Design Center）
UED团队,http://ued.baidu.com/,/static/webstack/images/logos/uedbaidu.png,百度用户体验中心,百度用户体验中心
UED团队,http://jdc.jd.com/,/static/webstack/images/logos/jdc.png,京东设计中心,京东设计中心
UED团队,http://eux.baidu.com/,/static/webstack/images/logos/euxbaidu.png,百度企业产品用户体验中心,百度企业产品用户体验中心
UED团队,http://ued.ctrip.com/,/static/webstack/images/logos/ctrip.png,携程设计委员会,携程设计委员会-Ctrip Design Committee
